<?xml version="1.0" encoding="UTF-8"?>
<project-private xmlns="http://www.netbeans.org/ns/project-private/1">
    <editor-bookmarks xmlns="http://www.netbeans.org/ns/editor-bookmarks/2" lastBookmarkId="0"/>
    <open-files xmlns="http://www.netbeans.org/ns/projectui-open-files/2">
        <group>
            <file>file:/C:/Users/dhias/OneDrive/Documents/NetBeansProjects/projet_Java/Projet_Java_2/src/projet_java_2/Accueil.java</file>
            <file>file:/C:/Users/dhias/OneDrive/Documents/NetBeansProjects/projet_Java/Projet_Java_2/src/projet_java_2/Projet_Java_2.java</file>
            <file>file:/C:/Users/dhias/OneDrive/Documents/NetBeansProjects/projet_Java/Projet_Java_2/src/projet_java_2/MyConnection.java</file>
        </group>
    </open-files>
</project-private>
